"year","Country","Intensity_kgCO2/m2","abs_emissions_tCO2","Method"
2020,"Australia",67364.36331,139621171490.463,"SDA"
2021,"Australia",63399.6310436089,133683736599.975,"SDA"
2022,"Australia",58304.7722438043,125045780808.69,"SDA"
2023,"Australia",53620.066157281,116941988423.285,"SDA"
2024,"Australia",49082.9028528107,108832677281.392,"SDA"
2025,"Australia",44685.3144805649,100714068342.86,"SDA"
2026,"Australia",40419.9546223123,92582762682.5047,"SDA"
2027,"Australia",36279.9266170537,84435444694.6996,"SDA"
2028,"Australia",32258.8539429017,76269121655.6142,"SDA"
2029,"Australia",28252.2893832317,67844456037.1962,"SDA"
2030,"Australia",24466.0977195613,59663386186.6772,"SDA"
2031,"Australia",22160.3542006332,54868857922.9455,"SDA"
2032,"Australia",19847.8951329843,49887895499.1209,"SDA"
2033,"Australia",17664.331089216,45064727001.1648,"SDA"
2034,"Australia",15483.4098962875,40086124579.9101,"SDA"
2035,"Australia",13407.7092659079,35220925001.7913,"SDA"
2036,"Australia",11343.1217771122,30229427895.8847,"SDA"
2037,"Australia",9363.12383442139,25310649827.6964,"SDA"
2038,"Australia",7401.91916508504,20293064055.267,"SDA"
2039,"Australia",5507.22743629427,15310666742.8064,"SDA"
2040,"Australia",3638.30570233113,10255493183.125,"SDA"
2041,"Australia",3224.721107423,9214794215.97255,"SDA"
2042,"Australia",2815.52432344714,8155114400.03262,"SDA"
2043,"Australia",2427.5577607698,7126234366.8816,"SDA"
2044,"Australia",2050.90360854306,6100974891.17056,"SDA"
2045,"Australia",1680.20612826493,5064364070.96373,"SDA"
2046,"Australia",1325.62142003678,4047960849.76368,"SDA"
2047,"Australia",977.891990770861,3024888086.95177,"SDA"
2048,"Australia",643.332940102732,2015598975.25599,"SDA"
2049,"Australia",316.432355814243,1004034148.96452,"SDA"
2050,"Australia",0.101223265431034,325235.218543291,"SDA"
2020,"Brazil",10643.97324,55474958562.2951,"SDA"
2021,"Brazil",10017.5267902526,53286365732.4232,"SDA"
2022,"Brazil",9212.51500316245,50003425649.6989,"SDA"
2023,"Brazil",8472.30928463519,46913204330.8354,"SDA"
2024,"Brazil",7755.41602349284,43800397244.5777,"SDA"
2025,"Brazil",7060.57626177767,40663308093.7332,"SDA"
2026,"Brazil",6386.62923066342,37500391865.6966,"SDA"
2027,"Brazil",5732.48522509363,34310135501.0906,"SDA"
2028,"Brazil",5097.13672445162,31091154693.1801,"SDA"
2029,"Brazil",4464.08057451556,27745410204.4009,"SDA"
2030,"Brazil",3864.05653922298,24466416216.3877,"SDA"
2031,"Brazil",3501.52600315642,22582544861.427,"SDA"
2032,"Brazil",3136.1465334266,20597902875.9277,"SDA"
2033,"Brazil",2791.13308709375,18665619168.332,"SDA"
2034,"Brazil",2446.53722369326,16656143757.9092,"SDA"
2035,"Brazil",2118.56670682827,14680897456.8542,"SDA"
2036,"Brazil",1792.3521188944,12640088201.8031,"SDA"
2037,"Brazil",1479.5030793211,10616682165.867,"SDA"
2038,"Brazil",1169.62346582276,8538791176.47514,"SDA"
2039,"Brazil",870.253211511228,6462578631.43977,"SDA"
2040,"Brazil",574.954738264618,4342476954.53278,"SDA"
2041,"Brazil",509.606416173191,3913969287.24442,"SDA"
2042,"Brazil",444.951388961721,3474641076.48903,"SDA"
2043,"Brazil",383.650837126191,3045690329.79306,"SDA"
2044,"Brazil",324.137699645205,2615590995.85906,"SDA"
2045,"Brazil",265.565744504864,2177923466.89665,"SDA"
2046,"Brazil",209.539683555629,1746255391.58644,"SDA"
2047,"Brazil",154.596789105258,1309044901.80739,"SDA"
2048,"Brazil",101.734876764159,875143407.644817,"SDA"
2049,"Brazil",50.0830383326413,437621843.741013,"SDA"
2050,"Brazil",0.101223265431034,898322.459560914,"SDA"
2020,"Canada",23648.11916,79274594818.1581,"SDA"
2021,"Canada",22256.3120378608,75999239250.8352,"SDA"
2022,"Canada",20467.7774566049,71163926975.3607,"SDA"
2023,"Canada",18823.2257294623,66609824802.9175,"SDA"
2024,"Canada",17230.4684441845,62033324164.4839,"SDA"
2025,"Canada",15686.7085114868,57435273915.3828,"SDA"
2026,"Canada",14189.3669937439,52816554179.2144,"SDA"
2027,"Canada",12736.0228392294,48177923518.7776,"SDA"
2028,"Canada",11324.4375894596,43520169583.3667,"SDA"
2029,"Canada",9917.94536885502,38709091069.8759,"SDA"
2030,"Canada",8588.81437861109,34033320812.1208,"SDA"
2031,"Canada",7779.39017645897,31286981797.6387,"SDA"
2032,"Canada",6967.60850149138,28432851288.7477,"SDA"
2033,"Canada",6201.07502998155,25668349722.9837,"SDA"
2034,"Canada",5435.46932316666,22816131002.4726,"SDA"
2035,"Canada",4706.80097265009,20030337226.79,"SDA"
2036,"Canada",3982.03385645817,17175600535.7509,"SDA"
2037,"Canada",3286.9616414139,14366027320.9712,"SDA"
2038,"Canada",2598.48674743586,11505126906.7384,"SDA"
2039,"Canada",1933.36101757427,8669810986.35024,"SDA"
2040,"Canada",1277.28176548941,5799746895.49417,"SDA"
2041,"Canada",1132.09415983952,5203951979.40045,"SDA"
2042,"Canada",988.446881781963,4598730287.57749,"SDA"
2043,"Canada",852.252407904488,4012312913.59403,"SDA"
2044,"Canada",720.029121077194,3429486967.216,"SDA"
2045,"Canada",589.896905698176,2841978097.96882,"SDA"
2046,"Canada",465.421029610129,2267625841.91471,"SDA"
2047,"Canada",343.351678210966,1691464284.08701,"SDA"
2048,"Canada",225.905747890966,1125042144.90011,"SDA"
2049,"Canada",111.148298743379,559479018.761287,"SDA"
2050,"Canada",0.101223265431034,514901.758250982,"SDA"
2020,"China",38108.79877,2626142971019.92,"SDA"
2021,"China",35865.9064987369,2535954579257.62,"SDA"
2022,"China",32964.0185992482,2388595635623.2,"SDA"
2023,"China",30176.3719340391,2238306626427.4,"SDA"
2024,"China",27516.1724166032,2087016692119.68,"SDA"
2025,"China",24970.957264418,1934724511273.2,"SDA"
2026,"China",22529.6939296661,1781431405645.35,"SDA"
2027,"China",20182.5140730728,1627136053148.26,"SDA"
2028,"China",17920.6122448004,1471839445017.28,"SDA"
2029,"China",15735.6607796533,1315507794845.7,"SDA"
2030,"China",13621.3208205826,1158208015064.07,"SDA"
2031,"China",12385.2812535178,1070298877568.19,"SDA"
2032,"China",11175.6747815187,980824861007.064,"SDA"
2033,"China",9990.39551451014,889852878340.095,"SDA"
2034,"China",8759.17775680208,791275392931.156,"SDA"
2035,"China",7584.93127847129,694490849641.568,"SDA"
2036,"China",6416.97162550297,595151182950.01,"SDA"
2037,"China",5296.86520106076,497323979055.274,"SDA"
2038,"China",4187.39033626149,397774357204.113,"SDA"
2039,"China",3115.54256713101,299266006966.229,"SDA"
2040,"China",2058.27316504927,199812177813.108,"SDA"
2041,"China",1824.30385032495,178888769870.267,"SDA"
2042,"China",1592.81676808608,157687313119.176,"SDA"
2043,"China",1373.33985351258,137194895092.209,"SDA"
2044,"China",1160.26249287217,116905728256.814,"SDA"
2045,"China",950.554886499713,96553563151.0948,"SDA"
2046,"China",749.962450956288,76761656705.1799,"SDA"
2047,"China",553.248121466096,57034902090.0613,"SDA"
2048,"China",363.984418747603,37776850868.5575,"SDA"
2049,"China",179.053193961664,18704791907.2052,"SDA"
2050,"China",0.101223265431034,10640690.8853757,"SDA"
2020,"Hong Kong",80651.81895,12890015055.1572,"SDA"
2021,"Hong Kong",75905.0517813885,12212600847.7653,"SDA"
2022,"Hong Kong",69805.2430541683,11297798888.6799,"SDA"
2023,"Hong Kong",64196.4887797355,10446511601.3565,"SDA"
2024,"Hong Kong",58764.3797834091,9613650394.85214,"SDA"
2025,"Hong Kong",53499.3765741394,8800631578.53084,"SDA"
2026,"Hong Kong",48392.6836685183,8006483615.94283,"SDA"
2027,"Hong Kong",43436.044054015,7228642874.63742,"SDA"
2028,"Hong Kong",38621.8234535304,6464747994.80403,"SDA"
2029,"Hong Kong",33824.972661869,5692754162.70846,"SDA"
2030,"Hong Kong",29291.9628454103,4954194902.83489,"SDA"
2031,"Hong Kong",26531.4163823703,4506932917.42859,"SDA"
2032,"Hong Kong",23762.829743085,4052256647.61243,"SDA"
2033,"Hong Kong",21148.5623935889,3618740040.7092,"SDA"
2034,"Hong Kong",18537.4591915698,3181510026.82474,"SDA"
2035,"Hong Kong",16052.3310814893,2762370437.80051,"SDA"
2036,"Hong Kong",13580.5081562398,2342491696.36581,"SDA"
2037,"Hong Kong",11209.9598829165,1937497398.95204,"SDA"
2038,"Hong Kong",8861.91181564881,1534314891.82284,"SDA"
2039,"Hong Kong",6593.4962232259,1143268107.5843,"SDA"
2040,"Hong Kong",4355.93370161942,756263129.590659,"SDA"
2041,"Hong Kong",3860.77043594438,671040230.723867,"SDA"
2042,"Hong Kong",3370.86046745966,586447123.795602,"SDA"
2043,"Hong Kong",2906.36833570919,506051550.782108,"SDA"
2044,"Hong Kong",2455.41996301151,427838603.755571,"SDA"
2045,"Hong Kong",2011.60320297769,350727322.867693,"SDA"
2046,"Hong Kong",1587.0774245848,276865540.703459,"SDA"
2047,"Hong Kong",1170.75911416786,204342517.989143,"SDA"
2048,"Hong Kong",770.209011167121,134493249.784224,"SDA"
2049,"Hong Kong",378.827990548301,66179456.577081,"SDA"
2050,"Hong Kong",0.101223265431034,17690.5136282769,"SDA"
2020,"India",31149.73002,550126066089.212,"SDA"
2021,"India",29316.4146306396,529618638855.155,"SDA"
2022,"India",26960.522122215,498954783659.168,"SDA"
2023,"India",24698.1471299942,468881937562.022,"SDA"
2024,"India",22421.711278226,437189663209.891,"SDA"
2025,"India",20214.9858673324,405287442296.702,"SDA"
2026,"India",18084.0734037362,373175551704.859,"SDA"
2027,"India",16033.6193773207,340853714482.728,"SDA"
2028,"India",14066.9775799458,308322138274.791,"SDA"
2029,"India",12185.9905384351,275573745487.713,"SDA"
2030,"India",10392.3898638823,242622552970.826,"SDA"
2031,"India",9297.52448012184,224207351359.858,"SDA"
2032,"India",8245.06881726441,205464342645.515,"SDA"
2033,"India",7236.04876964165,186407543787.911,"SDA"
2034,"India",6269.95527444123,167022937833.855,"SDA"
2035,"India",5347.02030830956,147324541743.462,"SDA"
2036,"India",4466.13275382318,127298338549.693,"SDA"
2037,"India",3626.96150928802,106958345219.587,"SDA"
2038,"India",2828.00044528896,86290544786.1055,"SDA"
2039,"India",2068.54522371209,65308954218.3638,"SDA"
2040,"India",1346.85930413865,43999556545.4466,"SDA"
2041,"India",1172.89408937768,39644392315.3053,"SDA"
2042,"India",1008.69095827108,35272991559.0037,"SDA"
2043,"India",854.186541956431,30899371249.7417,"SDA"
2044,"India",708.707003648079,26516522900.7464,"SDA"
2045,"India",571.61281720269,22117438025.2447,"SDA"
2046,"India",442.82480070526,17716133596.5057,"SDA"
2047,"India",321.552030037977,13298592641.2603,"SDA"
2048,"India",207.719675045585,8878832133.47,"SDA"
2049,"India",100.590703625769,4442835098.48093,"SDA"
2050,"India",0.101223265431034,4618510.94684891,"SDA"
2020,"Japan",52449.79951,361031593752.668,"SDA"
2021,"Japan",49362.8658048233,342534003086.594,"SDA"
2022,"Japan",45396.0175297067,317339091640.196,"SDA"
2023,"Japan",41748.5134498163,293810684393.495,"SDA"
2024,"Japan",38215.8859255852,270599047087.326,"SDA"
2025,"Japan",34791.9312028783,247723700379.277,"SDA"
2026,"Japan",31470.9293731299,225201556481.563,"SDA"
2027,"Japan",28247.5107079797,203046461445.598,"SDA"
2028,"Japan",25116.7104584831,181270027932.713,"SDA"
2029,"Japan",21997.206201902,159326049494.183,"SDA"
2030,"Japan",19049.2839020989,138412387867.61,"SDA"
2031,"Japan",17254.0359746643,125718068070.363,"SDA"
2032,"Japan",15453.5593325771,112873542381.238,"SDA"
2033,"Japan",13753.4401337955,100667561713.384,"SDA"
2034,"Japan",12055.37865412,88398185354.2616,"SDA"
2035,"Japan",10439.2417229856,76664975157.2022,"SDA"
2036,"Japan",8831.75746472296,64943154749.778,"SDA"
2037,"Japan",7290.13448117755,53664103985.3978,"SDA"
2038,"Japan",5763.1439078557,42460482184.8135,"SDA"
2039,"Japan",4287.94019533679,31613846906.1443,"SDA"
2040,"Japan",2832.80095634867,20897044666.2107,"SDA"
2041,"Japan",2510.7847040064,18529614829.9287,"SDA"
2042,"Japan",2192.18479368893,16183817585.4296,"SDA"
2043,"Japan",1890.11469706161,13957527624.4335,"SDA"
2044,"Japan",1596.85242370215,11794569315.5136,"SDA"
2045,"Japan",1308.22800484921,9664713064.9127,"SDA"
2046,"Japan",1032.14896252688,7626726375.78008,"SDA"
2047,"Japan",761.407428582174,5627506254.4044,"SDA"
2048,"Japan",500.920328700541,3703345483.31761,"SDA"
2049,"Japan",246.396097534579,1822302435.2964,"SDA"
2050,"Japan",0.101223265431034,748985.01874876,"SDA"
2020,"Malaysia",56498.8522,67899690272.7649,"SDA"
2021,"Malaysia",53173.6109805557,65325192051.3801,"SDA"
2022,"Malaysia",48900.5268603562,61403532200.6902,"SDA"
2023,"Malaysia",44971.4399174772,57709893308.0051,"SDA"
2024,"Malaysia",41151.9187879753,53960404416.4935,"SDA"
2025,"Malaysia",37339.9722615575,50022840989.9176,"SDA"
2026,"Malaysia",33657.1449117636,46059398488.4666,"SDA"
2027,"Malaysia",30098.7286082752,42070042729.1439,"SDA"
2028,"Malaysia",26660.2215546433,38054799340.6504,"SDA"
2029,"Malaysia",23336.6624452385,34012794764.8592,"SDA"
2030,"Malaysia",20125.0443892272,29945759043.618,"SDA"
2031,"Malaysia",18218.9475782393,27672840259.4012,"SDA"
2032,"Malaysia",16358.3852726998,25359461185.6792,"SDA"
2033,"Malaysia",14543.2205987045,23007351877.9729,"SDA"
2034,"Malaysia",12771.1132113603,20614782281.616,"SDA"
2035,"Malaysia",11041.940031665,18183482452.1296,"SDA"
2036,"Malaysia",9353.46349332728,15711722333.1378,"SDA"
2037,"Malaysia",7705.57744533682,13201231981.0164,"SDA"
2038,"Malaysia",6096.14496175011,10650281339.3899,"SDA"
2039,"Malaysia",4525.07882674959,8060600464.88998,"SDA"
2040,"Malaysia",2990.33999542962,5430459300.66268,"SDA"
2041,"Malaysia",2643.24058962564,4892908766.62826,"SDA"
2042,"Malaysia",2307.48573588001,4353353813.18708,"SDA"
2043,"Malaysia",1983.56562716329,3813524497.47525,"SDA"
2044,"Malaysia",1670.59477639357,3272555790.90341,"SDA"
2045,"Malaysia",1367.738085165,2729582664.88209,"SDA"
2046,"Malaysia",1075.48460854411,2186335176.55603,"SDA"
2047,"Malaysia",792.604455860433,1641083268.78049,"SDA"
2048,"Malaysia",519.584860019072,1095556998.78558,"SDA"
2049,"Malaysia",255.25557145904,548026309.255731,"SDA"
2050,"Malaysia",0.101223265431034,221257.50660877,"SDA"
2020,"Mexico",23142.37514,31968739483.2605,"SDA"
2021,"Mexico",21780.333646883,30707501922.1149,"SDA"
2022,"Mexico",20030.0492340536,28815617971.9061,"SDA"
2023,"Mexico",18420.6684123039,27034793204.2233,"SDA"
2024,"Mexico",16861.9743400402,25240952790.5074,"SDA"
2025,"Mexico",15351.2297474174,23433119168.6822,"SDA"
2026,"Mexico",13885.910850789,21610401969.8987,"SDA"
2027,"Mexico",12463.6483758095,19771929269.8598,"SDA"
2028,"Mexico",11082.2517363791,17916903324.5551,"SDA"
2029,"Mexico",9705.83920497512,15988826444.4118,"SDA"
2030,"Mexico",8401.24623645287,14099216254.7318,"SDA"
2031,"Mexico",7613.01983292932,13013582143.1155,"SDA"
2032,"Mexico",6818.59917860875,11869876274.1772,"SDA"
2033,"Mexico",6068.45903530016,10756343209.2089,"SDA"
2034,"Mexico",5319.22681521619,9598326364.6469,"SDA"
2035,"Mexico",4606.14199740088,8460034908.48853,"SDA"
2036,"Mexico",3896.87498087427,7283961049.53182,"SDA"
2037,"Mexico",3216.66780091105,6117916217.85059,"SDA"
2038,"Mexico",2542.91684961104,4920472965.8985,"SDA"
2039,"Mexico",1892.01570979017,3723996932.40582,"SDA"
2040,"Mexico",1249.96757689998,2502228600.5599,"SDA"
2041,"Mexico",1107.88499948256,2255285767.47907,"SDA"
2042,"Mexico",967.309807722524,2002107279.80532,"SDA"
2043,"Mexico",834.028032106056,1754909047.06301,"SDA"
2044,"Mexico",704.632514472635,1507048878.49792,"SDA"
2045,"Mexico",577.283347969567,1254827306.78295,"SDA"
2046,"Mexico",455.469552489468,1006063046.97029,"SDA"
2047,"Mexico",336.010814997169,754104792.664406,"SDA"
2048,"Mexico",221.076620632867,504053402.186859,"SDA"
2049,"Mexico",108.773410729013,251915819.752988,"SDA"
2050,"Mexico",0.101223265431034,238098.483160291,"SDA"
2020,"New Zealand",16356.62169,4437365592.7551,"SDA"
2021,"New Zealand",15393.9565846233,4248666451.41615,"SDA"
2022,"New Zealand",14156.8887440103,3974141194.66201,"SDA"
2023,"New Zealand",13019.4088902832,3716592358.90195,"SDA"
2024,"New Zealand",11917.7534701595,3458868130.53748,"SDA"
2025,"New Zealand",10849.9878332064,3200848408.27652,"SDA"
2026,"New Zealand",9814.32821698932,2942425166.97557,"SDA"
2027,"New Zealand",8809.10006331819,2683493037.21005,"SDA"
2028,"New Zealand",7832.75510746739,2423956900.70728,"SDA"
2029,"New Zealand",6859.93282467956,2156210298.77036,"SDA"
2030,"New Zealand",5940.61864354789,1896205493.03326,"SDA"
2031,"New Zealand",5380.76776876461,1743829441.73571,"SDA"
2032,"New Zealand",4819.28631113676,1585528269.58468,"SDA"
2033,"New Zealand",4289.10147921003,1432241997.00618,"SDA"
2034,"New Zealand",3759.55835020581,1274015831.22318,"SDA"
2035,"New Zealand",3255.56351983265,1119393758.92343,"SDA"
2036,"New Zealand",2754.26703903142,960757785.998161,"SDA"
2037,"New Zealand",2273.50949978879,804432921.206062,"SDA"
2038,"New Zealand",1797.31510056635,644967818.983496,"SDA"
2039,"New Zealand",1337.27051490434,486621053.832932,"SDA"
2040,"New Zealand",883.483066703185,325961364.857182,"SDA"
2041,"New Zealand",783.061794625254,292886969.498474,"SDA"
2042,"New Zealand",683.705914152526,259209339.320481,"SDA"
2043,"New Zealand",589.504881939478,226510568.140002,"SDA"
2044,"New Zealand",498.050583192097,193926864.569626,"SDA"
2045,"New Zealand",408.042606628361,160982401.641396,"SDA"
2046,"New Zealand",321.946925362568,128680164.337311,"SDA"
2047,"New Zealand",237.515754434712,96165961.5429392,"SDA"
2048,"New Zealand",156.282444812189,64089822.8149428,"SDA"
2049,"New Zealand",76.9086651273801,31941360.2964036,"SDA"
2050,"New Zealand",0.101223265431034,42570.4363763681,"SDA"
2020,"Philippines",40605.53755,25342711191.6207,"SDA"
2021,"Philippines",38215.6993983075,24381812962.0054,"SDA"
2022,"Philippines",35144.6501775381,22918103837.2423,"SDA"
2023,"Philippines",32320.8304129742,21539500646.4385,"SDA"
2024,"Philippines",29575.75518096,20140052142.2693,"SDA"
2025,"Philippines",26836.1237788142,18670407232.0335,"SDA"
2026,"Philippines",24189.2898444319,17191103293.3393,"SDA"
2027,"Philippines",21631.8696536209,15702127567.8193,"SDA"
2028,"Philippines",19160.6277740185,14203489621.0593,"SDA"
2029,"Philippines",16771.9985561724,12694863408.6294,"SDA"
2030,"Philippines",14463.8209358136,11176894646.5849,"SDA"
2031,"Philippines",13093.9164455584,10328557155.7896,"SDA"
2032,"Philippines",11756.7374319336,9465118384.14009,"SDA"
2033,"Philippines",10452.1855156349,8587224052.79502,"SDA"
2034,"Philippines",9178.57871030998,7694228440.91474,"SDA"
2035,"Philippines",7935.82856129746,6786777269.65784,"SDA"
2036,"Philippines",6722.32692920926,5864224817.54675,"SDA"
2037,"Philippines",5537.99752391621,4927216806.05905,"SDA"
2038,"Philippines",4381.30455252583,3975107513.71717,"SDA"
2039,"Philippines",3252.18532709356,3008542662.09435,"SDA"
2040,"Philippines",2149.17439656232,2026876529.53444,"SDA"
2041,"Philippines",1899.71538084264,1826243167.54657,"SDA"
2042,"Philippines",1658.40965129217,1624861687.76309,"SDA"
2043,"Philippines",1425.6095072578,1423377811.94539,"SDA"
2044,"Philippines",1200.67855304578,1221468679.20483,"SDA"
2045,"Philippines",983.016607050143,1018811428.65268,"SDA"
2046,"Philippines",772.975150764526,816051782.053584,"SDA"
2047,"Philippines",569.670266517206,612544017.642942,"SDA"
2048,"Philippines",373.45212694245,408933857.217151,"SDA"
2049,"Philippines",183.479677859976,204575578.947915,"SDA"
2050,"Philippines",0.101223265431034,114904.663732884,"SDA"
2020,"Singapore",51500.35387,9971812580.91741,"SDA"
2021,"Singapore",48469.2999094756,9474655338.61979,"SDA"
2022,"Singapore",44574.2596127149,8782738524.09271,"SDA"
2023,"Singapore",40992.7827352424,8132266954.11618,"SDA"
2024,"Singapore",37524.1029153868,7491080633.72432,"SDA"
2025,"Singapore",34162.1286995125,6862339555.09847,"SDA"
2026,"Singapore",30901.2437209698,6246209803.59114,"SDA"
2027,"Singapore",27736.1754543442,5641282063.09884,"SDA"
2028,"Singapore",24662.04902269,5046532282.2066,"SDA"
2029,"Singapore",21599.0141036288,4445325095.92705,"SDA"
2030,"Singapore",18704.4551608332,3870283483.19555,"SDA"
2031,"Singapore",16941.7048525098,3522993174.77282,"SDA"
2032,"Singapore",15173.8204798463,3170011747.73762,"SDA"
2033,"Singapore",13504.4768777504,2833397592.99478,"SDA"
2034,"Singapore",11837.1537458824,2493388729.12448,"SDA"
2035,"Singapore",10250.2721625008,2166905526.09932,"SDA"
2036,"Singapore",8671.88662110838,1839194977.1477,"SDA"
2037,"Singapore",7158.17013212943,1522560819.96613,"SDA"
2038,"Singapore",5658.82117714893,1206718793.60792,"SDA"
2039,"Singapore",4210.32163603071,899813188.024757,"SDA"
2040,"Singapore",2781.52336088374,595563465.060086,"SDA"
2041,"Singapore",2465.3362541187,528666264.544957,"SDA"
2042,"Singapore",2152.50364667687,462129538.277009,"SDA"
2043,"Singapore",1855.90162985907,398796903.143785,"SDA"
2044,"Singapore",1567.94799689055,337112160.158266,"SDA"
2045,"Singapore",1284.54826388003,276257890.860198,"SDA"
2046,"Singapore",1013.46681070674,217960146.012609,"SDA"
2047,"Singapore",747.626246212136,160745333.567545,"SDA"
2048,"Singapore",491.854489780275,105696665.981829,"SDA"
2049,"Singapore",241.937662077986,51954256.1080785,"SDA"
2050,"Singapore",0.101223265431034,21717.7148799417,"SDA"
2020,"South Korea",40746.85837,110915923003.801,"SDA"
2021,"South Korea",38348.7027633601,105233107251.073,"SDA"
2022,"South Korea",35266.9652399052,97492745487.1828,"SDA"
2023,"South Korea",32433.3176158042,90264365899.5659,"SDA"
2024,"South Korea",29688.9144920189,83133304095.5319,"SDA"
2025,"South Korea",27028.9363391447,76105557198.061,"SDA"
2026,"South Korea",24448.9395143613,69186320990.8584,"SDA"
2027,"South Korea",21944.752420413,62379849207.6661,"SDA"
2028,"South Korea",19512.5180776382,55689709536.6775,"SDA"
2029,"South Korea",17089.0592873469,48948096800.9265,"SDA"
2030,"South Korea",14798.8978953623,42523017225.4612,"SDA"
2031,"South Korea",13404.2181601719,38623077778.3935,"SDA"
2032,"South Korea",12005.4763774751,34676992167.3924,"SDA"
2033,"South Korea",10684.6995879778,30927079878.1729,"SDA"
2034,"South Korea",9365.52138500122,27157691184.1112,"SDA"
2035,"South Korea",8109.9881560244,23553023053.0227,"SDA"
2036,"South Korea",6861.17695542323,19951854064.372,"SDA"
2037,"South Korea",5663.53160427282,16486712427.8671,"SDA"
2038,"South Korea",4477.25377830036,13044744012.6151,"SDA"
2039,"South Korea",3331.20776889611,9712448717.50533,"SDA"
2040,"South Korea",2200.74930826605,6420040627.09408,"SDA"
2041,"South Korea",1950.58355974713,5692720598.36342,"SDA"
2042,"South Korea",1703.07187528125,4972046511.12419,"SDA"
2043,"South Korea",1468.40175761391,4288087359.19382,"SDA"
2044,"South Korea",1240.57420048382,3623584907.56328,"SDA"
2045,"South Korea",1016.3496675356,2969252045.40183,"SDA"
2046,"South Korea",801.871299532173,2343143282.66406,"SDA"
2047,"South Korea",591.539497948301,1728944358.6113,"SDA"
2048,"South Korea",389.17408984416,1137805116.60876,"SDA"
2049,"South Korea",191.441073753545,559912474.906848,"SDA"
2050,"South Korea",0.101223265431034,296190.771387246,"SDA"
2020,"USA",54986.29393,1752192721873.12,"SDA"
2021,"USA",51750.0745211138,1679797845502.07,"SDA"
2022,"USA",47591.3874205417,1572923430883.09,"SDA"
2023,"USA",43767.4881649347,1472264569932.35,"SDA"
2024,"USA",40064.0209543786,1371110639122.41,"SDA"
2025,"USA",36474.4820179932,1269480399888.56,"SDA"
2026,"USA",32992.8748294891,1167393306183.19,"SDA"
2027,"USA",29613.5699776773,1064866123799.09,"SDA"
2028,"USA",26331.3626157971,961916262615.058,"SDA"
2029,"USA",23060.9975268671,855577486586.725,"SDA"
2030,"USA",19970.5121865072,752229413535.728,"SDA"
2031,"USA",18088.4451447745,691527331369.603,"SDA"
2032,"USA",16200.896525056,628442746983.884,"SDA"
2033,"USA",14418.5586862839,567339220948.02,"SDA"
2034,"USA",12638.3780789737,504296893548.674,"SDA"
2035,"USA",10944.0839335619,442722749131.441,"SDA"
2036,"USA",9258.86090873803,379624768033.262,"SDA"
2037,"USA",7642.68424379431,317525030324.475,"SDA"
2038,"USA",6041.84761996803,254290814014.038,"SDA"
2039,"USA",4495.30229620265,191622089156.315,"SDA"
2040,"USA",2969.79177424091,128185330005.341,"SDA"
2041,"USA",2632.20265010155,115016473944.139,"SDA"
2042,"USA",2298.19508404668,101639259382.186,"SDA"
2043,"USA",1981.51672198462,88677674842.8535,"SDA"
2044,"USA",1674.07213405958,75795471613.6636,"SDA"
2045,"USA",1371.48968967342,62809762702.1202,"SDA"
2046,"USA",1082.05932268757,50114853264.6877,"SDA"
2047,"USA",798.22458873323,37379953453.1369,"SDA"
2048,"USA",525.140198554146,24860323263.1057,"SDA"
2049,"USA",258.307044492615,12359680152.5508,"SDA"
2050,"USA",0.101223265431034,4894568.05949719,"SDA"
2020,"Australia",63.12419702,130832890.036665,"CRREM"
2021,"Australia",59.09517172,124607402.921837,"CRREM"
2022,"Australia",54.43547815,116747336.573028,"CRREM"
2023,"Australia",49.91679473,108865386.594651,"CRREM"
2024,"Australia",45.57766725,101060435.767887,"CRREM"
2025,"Australia",41.59326064,93745037.7913597,"CRREM"
2026,"Australia",37.49804983,85890077.831785,"CRREM"
2027,"Australia",33.76447455,78581151.8750982,"CRREM"
2028,"Australia",30.23498575,71484120.62326,"CRREM"
2029,"Australia",26.90731339,64614658.8548817,"CRREM"
2030,"Australia",23.67182365,57726457.7441651,"CRREM"
2031,"Australia",20.93712832,51840160.527386,"CRREM"
2032,"Australia",18.26893412,45919160.2007344,"CRREM"
2033,"Australia",15.76774125,40226202.2415361,"CRREM"
2034,"Australia",13.42630378,34760333.1293223,"CRREM"
2035,"Australia",11.24479725,29539136.980666,"CRREM"
2036,"Australia",9.189422998,24489819.0622747,"CRREM"
2037,"Australia",7.294247188,19718006.4684615,"CRREM"
2038,"Australia",5.682142719,15578133.6699468,"CRREM"
2039,"Australia",4.390102096,12204941.7672098,"CRREM"
2040,"Australia",3.354047231,9454238.1337997,"CRREM"
2041,"Australia",2.779294173,7941965.52715625,"CRREM"
2042,"Australia",2.345283154,6793069.50469625,"CRREM"
2043,"Australia",1.964729057,5767574.28962862,"CRREM"
2044,"Australia",1.634043278,4860909.58572455,"CRREM"
2045,"Australia",1.325137198,3994139.23193987,"CRREM"
2046,"Australia",1.10320189,3368773.31084571,"CRREM"
2047,"Australia",0.890534459,2754667.28582742,"CRREM"
2048,"Australia",0.702590188,2201255.32936581,"CRREM"
2049,"Australia",0.530052429,1681846.78234992,"CRREM"
2050,"Australia",0.365665842,1174901.93119402,"CRREM"
2020,"Brazil",8.487915147,44237873.4372036,"CRREM"
2021,"Brazil",7.965427286,42370605.0868584,"CRREM"
2022,"Brazil",7.360539056,39951323.5313111,"CRREM"
2023,"Brazil",6.783946704,37564336.6173398,"CRREM"
2024,"Brazil",6.235441508,35216010.8778697,"CRREM"
2025,"Brazil",5.735017517,33029143.1705339,"CRREM"
2026,"Brazil",5.219716088,30648624.1267755,"CRREM"
2027,"Brazil",4.750430776,28432332.0886446,"CRREM"
2028,"Brazil",4.30548426,26262288.8875154,"CRREM"
2029,"Brazil",3.883931862,24139636.5765255,"CRREM"
2030,"Brazil",3.464733613,21937985.0667539,"CRREM"
2031,"Brazil",3.10684289,20037097.7903876,"CRREM"
2032,"Brazil",2.755411273,18097271.0233913,"CRREM"
2033,"Brazil",2.424228976,16211958.8822501,"CRREM"
2034,"Brazil",2.112518684,14382129.3832007,"CRREM"
2035,"Brazil",1.820513813,12615499.2058063,"CRREM"
2036,"Brazil",1.543759378,10886953.7936091,"CRREM"
2037,"Brazil",1.287143764,9236341.87394612,"CRREM"
2038,"Brazil",1.067990511,7796823.69442806,"CRREM"
2039,"Brazil",0.891890644,6623260.15147499,"CRREM"
2040,"Brazil",0.750348188,5667176.03563047,"CRREM"
2041,"Brazil",0.672666481,5166332.02337471,"CRREM"
2042,"Brazil",0.614279862,4796933.08958034,"CRREM"
2043,"Brazil",0.563027821,4469711.05985133,"CRREM"
2044,"Brazil",0.518481958,4183829.10209018,"CRREM"
2045,"Brazil",0.476703485,3909479.02060426,"CRREM"
2046,"Brazil",0.447085175,3725904.72646605,"CRREM"
2047,"Brazil",0.418570224,3544234.13931657,"CRREM"
2048,"Brazil",0.393408368,3384176.11263867,"CRREM"
2049,"Brazil",0.370285669,3235528.48575967,"CRREM"
2050,"Brazil",0.348167657,3089870.93672548,"CRREM"
2020,"Canada",19.02815207,63787273.5367064,"CRREM"
2021,"Canada",17.79851225,60777068.0288631,"CRREM"
2022,"Canada",16.38844428,56980590.8069093,"CRREM"
2023,"Canada",15.04982846,53256888.6673602,"CRREM"
2024,"Canada",13.77651497,49598362.4449465,"CRREM"
2025,"Canada",12.58554803,46080692.9604726,"CRREM"
2026,"Canada",11.36237954,42293763.6924749,"CRREM"
2027,"Canada",10.24764839,38764881.8326568,"CRREM"
2028,"Canada",9.194375484,35334273.9642335,"CRREM"
2029,"Canada",8.201826256,32011190.5919336,"CRREM"
2030,"Canada",7.237346341,28678106.0800517,"CRREM"
2031,"Canada",6.422353757,25829282.3133236,"CRREM"
2032,"Canada",5.627665752,22964921.6650368,"CRREM"
2033,"Canada",4.883113186,20212859.2847447,"CRREM"
2034,"Canada",4.186495465,17573391.236628,"CRREM"
2035,"Canada",3.537817512,15055592.5827271,"CRREM"
2036,"Canada",2.927003636,12624966.7960739,"CRREM"
2037,"Canada",2.364120784,10332649.8688346,"CRREM"
2038,"Canada",1.885553474,8348525.16727985,"CRREM"
2039,"Canada",1.502180917,6736261.10142255,"CRREM"
2040,"Canada",1.194919711,5425765.92846107,"CRREM"
2041,"Canada",1.024506333,4709397.8121744,"CRREM"
2042,"Canada",0.895883364,4168080.28443192,"CRREM"
2043,"Canada",0.783172028,3687089.89539421,"CRREM"
2044,"Canada",0.685294256,3264045.37103163,"CRREM"
2045,"Canada",0.593926595,2861392.14918147,"CRREM"
2046,"Canada",0.528338507,2574172.57822542,"CRREM"
2047,"Canada",0.46553568,2293383.21510791,"CRREM"
2048,"Canada",0.41008206,2042265.87713975,"CRREM"
2049,"Canada",0.359218179,1808170.13467882,"CRREM"
2050,"Canada",0.310797051,1580960.1413042,"CRREM"
2020,"China",22.35222947,1540330637.64463,"CRREM"
2021,"China",21.01710314,1486046893.93505,"CRREM"
2022,"China",19.47166611,1410930422.4734,"CRREM"
2023,"China",18.01250689,1336062321.16253,"CRREM"
2024,"China",16.6307847,1261393654.11904,"CRREM"
2025,"China",15.37517258,1191252819.84959,"CRREM"
2026,"China",14.06393687,1112040798.4878,"CRREM"
2027,"China",12.86586599,1037259993.05673,"CRREM"
2028,"China",11.71809399,962419850.354503,"CRREM"
2029,"China",10.61540596,887452359.413351,"CRREM"
2030,"China",9.515553523,809098508.380805,"CRREM"
2031,"China",8.579536066,741417787.253513,"CRREM"
2032,"China",7.638373658,670376234.803943,"CRREM"
2033,"China",6.704595436,597183919.111635,"CRREM"
2034,"China",5.793714124,523385133.546215,"CRREM"
2035,"China",4.928007549,451217819.132945,"CRREM"
2036,"China",4.094245767,379726661.379328,"CRREM"
2037,"China",3.311517667,310919209.825175,"CRREM"
2038,"China",2.635644438,250368770.989726,"CRREM"
2039,"China",2.087379674,200504973.564105,"CRREM"
2040,"China",1.642290294,159429567.376016,"CRREM"
2041,"China",1.398034276,137089351.549393,"CRREM"
2042,"China",1.213211801,120106790.044684,"CRREM"
2043,"China",1.049189606,104812699.900059,"CRREM"
2044,"China",0.905032766,91189291.436628,"CRREM"
2045,"China",0.767891482,77999345.175632,"CRREM"
2046,"China",0.669602496,68536493.875584,"CRREM"
2047,"China",0.573580828,59131021.139348,"CRREM"
2048,"China",0.487409681,50586788.561947,"CRREM"
2049,"China",0.4068135,42497772.2775,"CRREM"
2050,"China",0.328389585,34520641.564785,"CRREM"
2020,"Hong Kong",57.5201484,9193042.24633209,"CRREM"
2021,"Hong Kong",54.03189815,8693360.8457778,"CRREM"
2022,"Hong Kong",49.87779358,8072592.49051899,"CRREM"
2023,"Hong Kong",45.85516247,7461879.86026041,"CRREM"
2024,"Hong Kong",41.98221547,6868146.04046723,"CRREM"
2025,"Hong Kong",38.41573562,6319377.11538282,"CRREM"
2026,"Hong Kong",34.72646799,5745432.48946482,"CRREM"
2027,"Hong Kong",31.35274975,5217736.46786968,"CRREM"
2028,"Hong Kong",28.15025592,4711955.42414,"CRREM"
2029,"Hong Kong",25.11827935,4227414.77899202,"CRREM"
2030,"Hong Kong",22.15537389,3747172.59391299,"CRREM"
2031,"Hong Kong",19.64659531,3337397.66629551,"CRREM"
2032,"Hong Kong",17.18600329,2930715.61050331,"CRREM"
2033,"Hong Kong",14.86910309,2544258.92974775,"CRREM"
2034,"Hong Kong",12.69024343,2177975.75698791,"CRREM"
2035,"Hong Kong",10.6507782,1832842.51302151,"CRREM"
2036,"Hong Kong",8.719635625,1504043.42841273,"CRREM"
2037,"Hong Kong",6.930385629,1197828.02705523,"CRREM"
2038,"Hong Kong",5.402339264,935338.757128853,"CRREM"
2039,"Hong Kong",4.173498592,723656.718035875,"CRREM"
2040,"Hong Kong",3.184634863,552906.011218792,"CRREM"
2041,"Hong Kong",2.637035669,458342.979234915,"CRREM"
2042,"Hong Kong",2.22296828,386742.010439048,"CRREM"
2043,"Hong Kong",1.858500792,323598.766324945,"CRREM"
2044,"Hong Kong",1.540577552,268434.141105729,"CRREM"
2045,"Hong Kong",1.242050542,216554.16973745,"CRREM"
2046,"Hong Kong",1.027309383,179214.046768034,"CRREM"
2047,"Hong Kong",0.820367551,143185.706623414,"CRREM"
2048,"Hong Kong",0.636615752,111165.307220393,"CRREM"
2049,"Hong Kong",0.467005649,81583.6760755576,"CRREM"
2050,"Hong Kong",0.304434462,53205.1794218939,"CRREM"
2020,"India",26.59194344,469632360.374275,"CRREM"
2021,"India",24.82366501,448454418.442154,"CRREM"
2022,"India",22.76713217,421348275.635278,"CRREM"
2023,"India",20.78885989,394666079.751826,"CRREM"
2024,"India",18.89766026,368475966.085047,"CRREM"
2025,"India",17.16321731,344102958.607228,"CRREM"
2026,"India",15.39627159,317711171.400636,"CRREM"
2027,"India",13.79030788,293163854.906472,"CRREM"
2028,"India",12.28140188,269185620.5168,"CRREM"
2029,"India",10.86882177,245787317.391265,"CRREM"
2030,"India",9.509359313,222007167.153664,"CRREM"
2031,"India",8.363269866,201678047.675224,"CRREM"
2032,"India",7.258928399,180890054.99729,"CRREM"
2033,"India",6.235429297,160630628.222605,"CRREM"
2034,"India",5.289348703,140900934.844624,"CRREM"
2035,"India",4.419955973,121781469.061666,"CRREM"
2036,"India",3.613727431,103002199.731738,"CRREM"
2037,"India",2.882414023,85001793.7461739,"CRREM"
2038,"India",2.269196438,69239804.1124432,"CRREM"
2039,"India",1.784175337,56330712.0704675,"CRREM"
2040,"India",1.400857547,45763585.4479696,"CRREM"
2041,"India",1.187618346,40142079.3710873,"CRREM"
2042,"India",1.027974449,35947317.4267354,"CRREM"
2043,"India",0.890458632,32211478.9934358,"CRREM"
2044,"India",0.773198527,28929496.029363,"CRREM"
2045,"India",0.666299555,25781155.8286578,"CRREM"
2046,"India",0.5906277,23629298.1385236,"CRREM"
2047,"India",0.52013662,21511557.636147,"CRREM"
2048,"India",0.459575054,19644214.0413561,"CRREM"
2049,"India",0.40572096,17919661.1247841,"CRREM"
2050,"India",0.356163705,16250670.8651235,"CRREM"
2020,"Japan",32.49500135,223675252.06934,"CRREM"
2021,"Japan",30.65785784,212738028.896386,"CRREM"
2022,"Japan",28.42779399,198723386.169674,"CRREM"
2023,"Japan",26.25461825,184770347.950111,"CRREM"
2024,"Japan",24.14929455,170996326.129553,"CRREM"
2025,"Japan",22.20276982,158087007.772214,"CRREM"
2026,"Japan",20.16871638,144324505.551121,"CRREM"
2027,"Japan",18.3003858,131545346.356115,"CRREM"
2028,"Japan",16.51561444,119194983.587255,"CRREM"
2029,"Japan",14.81494965,107304872.242623,"CRREM"
2030,"Japan",13.13962539,95472718.8309367,"CRREM"
2031,"Japan",11.71770682,85378717.5237402,"CRREM"
2032,"Japan",10.31125631,75313913.1939067,"CRREM"
2033,"Japan",8.977410277,65709669.3114309,"CRREM"
2034,"Japan",7.71368675,56561965.4641187,"CRREM"
2035,"Japan",6.521797376,47895570.1073995,"CRREM"
2036,"Japan",5.38383297,39589300.2173418,"CRREM"
2037,"Japan",4.320947363,31807337.6015428,"CRREM"
2038,"Japan",3.407302846,25103610.8249251,"CRREM"
2039,"Japan",2.668547825,19674496.0419505,"CRREM"
2040,"Japan",2.070684951,15275056.9409831,"CRREM"
2041,"Japan",1.741291992,12850751.3474629,"CRREM"
2042,"Japan",1.491995667,11014667.0948971,"CRREM"
2043,"Japan",1.27123347,9387407.17810051,"CRREM"
2044,"Japan",1.077520866,7958715.75501313,"CRREM"
2045,"Japan",0.893998983,6604539.5901876,"CRREM"
2046,"Japan",0.762077195,5631119.59077866,"CRREM"
2047,"Japan",0.633667308,4683388.42664279,"CRREM"
2048,"Japan",0.518792818,3835478.27715829,"CRREM"
2049,"Japan",0.411780086,3045453.48336556,"CRREM"
2050,"Japan",0.308092574,2279680.67747196,"CRREM"
2020,"Malaysia",39.77706397,47803631.7262203,"CRREM"
2021,"Malaysia",37.22586024,45732957.0930415,"CRREM"
2022,"Malaysia",34.27841924,43042808.6307283,"CRREM"
2023,"Malaysia",31.46947181,40383404.7552608,"CRREM"
2024,"Malaysia",28.79840306,37761871.6559301,"CRREM"
2025,"Malaysia",26.36158555,35315543.1657184,"CRREM"
2026,"Malaysia",23.85656734,32647425.8158465,"CRREM"
2027,"Malaysia",21.57613668,30157718.748555,"CRREM"
2028,"Malaysia",19.41612474,27714575.7937278,"CRREM"
2029,"Malaysia",17.3719627,25319344.7591066,"CRREM"
2030,"Malaysia",15.37075945,22871455.5806646,"CRREM"
2031,"Malaysia",13.67636011,20773084.0120597,"CRREM"
2032,"Malaysia",12.00774349,18614912.1619257,"CRREM"
2033,"Malaysia",10.43024885,16500637.1070346,"CRREM"
2034,"Malaysia",8.939934574,14430598.320197,"CRREM"
2035,"Malaysia",7.538149075,12413561.4786644,"CRREM"
2036,"Malaysia",6.203854308,10421084.8047971,"CRREM"
2037,"Malaysia",4.961489469,8500047.38986514,"CRREM"
2038,"Malaysia",3.896304,6807045.1152587,"CRREM"
2039,"Malaysia",3.036917336,5409712.8973061,"CRREM"
2040,"Malaysia",2.343277468,4255393.34643642,"CRREM"
2041,"Malaysia",1.959270031,3626809.28421641,"CRREM"
2042,"Malaysia",1.668412239,3147663.56718069,"CRREM"
2043,"Malaysia",1.411758808,2714191.41625974,"CRREM"
2044,"Malaysia",1.187485418,2326184.86314106,"CRREM"
2045,"Malaysia",0.976636629,1949064.98643393,"CRREM"
2046,"Malaysia",0.825068758,1677268.8649954,"CRREM"
2047,"Malaysia",0.679113359,1406100.56229165,"CRREM"
2048,"Malaysia",0.549829504,1159328.54784086,"CRREM"
2049,"Malaysia",0.430961273,925261.354823122,"CRREM"
2050,"Malaysia",0.317647531,694325.562312321,"CRREM"
2020,"Mexico",11.618481,16049700.6047674,"CRREM"
2021,"Mexico",10.99643589,15503576.8369376,"CRREM"
2022,"Mexico",10.24548545,14739354.4176613,"CRREM"
2023,"Mexico",9.520744398,13972965.0514894,"CRREM"
2024,"Mexico",8.822534036,13206589.0152926,"CRREM"
2025,"Mexico",8.180893946,12487850.5433885,"CRREM"
2026,"Mexico",7.503938907,11678249.8375768,"CRREM"
2027,"Mexico",6.881786385,10917043.6738727,"CRREM"
2028,"Mexico",6.283168454,10158127.1063054,"CRREM"
2029,"Mexico",5.707263609,9401809.09550133,"CRREM"
2030,"Mexico",5.121956809,8595817.17580717,"CRREM"
2031,"Mexico",4.619558964,7896604.94288347,"CRREM"
2032,"Mexico",4.11551475,7164323.58134575,"CRREM"
2033,"Mexico",3.631854856,6437462.4743983,"CRREM"
2034,"Mexico",3.167923275,5716387.46530406,"CRREM"
2035,"Mexico",2.724716893,5004448.41768569,"CRREM"
2036,"Mexico",2.295420066,4290553.43964528,"CRREM"
2037,"Mexico",1.888771114,3592333.47841376,"CRREM"
2038,"Mexico",1.535514058,2971176.74622423,"CRREM"
2039,"Mexico",1.247639242,2455690.34438535,"CRREM"
2040,"Mexico",1.012823143,2027504.61896689,"CRREM"
2041,"Mexico",0.886380892,1804376.99871978,"CRREM"
2042,"Mexico",0.79150833,1638238.93531133,"CRREM"
2043,"Mexico",0.706988897,1487601.33203848,"CRREM"
2044,"Mexico",0.632483192,1352737.86774624,"CRREM"
2045,"Mexico",0.560860994,1219130.42019312,"CRREM"
2046,"Mexico",0.510691761,1128040.51626736,"CRREM"
2047,"Mexico",0.460988048,1034589.60498262,"CRREM"
2048,"Mexico",0.416333346,949237.594162593,"CRREM"
2049,"Mexico",0.374261647,866778.277652746,"CRREM"
2050,"Mexico",0.332708461,782600.517394569,"CRREM"
2020,"New Zealand",12.98549308,3522816.70935629,"CRREM"
2021,"New Zealand",12.20090678,3367398.30517784,"CRREM"
2022,"New Zealand",11.28449966,3167800.19754903,"CRREM"
2023,"New Zealand",10.39239403,2966670.18972135,"CRREM"
2024,"New Zealand",9.532619879,2766635.10304682,"CRREM"
2025,"New Zealand",8.741237554,2578747.25218187,"CRREM"
2026,"New Zealand",7.923264639,2375467.04806995,"CRREM"
2027,"New Zealand",7.175624328,2185891.6102004,"CRREM"
2028,"New Zealand",6.466356551,2001105.53300551,"CRREM"
2029,"New Zealand",5.795268568,1821565.61730551,"CRREM"
2030,"New Zealand",5.139925713,1640629.69794552,"CRREM"
2031,"New Zealand",4.585298129,1486029.17280738,"CRREM"
2032,"New Zealand",4.041719054,1329711.37303617,"CRREM"
2033,"New Zealand",3.530242687,1178839.40504867,"CRREM"
2034,"New Zealand",3.049590856,1033426.44730724,"CRREM"
2035,"New Zealand",2.600030511,893995.128429721,"CRREM"
2036,"New Zealand",2.17468522,758585.034639515,"CRREM"
2037,"New Zealand",1.780921987,630141.319653868,"CRREM"
2038,"New Zealand",1.444966692,518527.338667198,"CRREM"
2039,"New Zealand",1.175113704,427613.607449429,"CRREM"
2040,"New Zealand",0.958260168,353550.400705633,"CRREM"
2041,"New Zealand",0.838591395,313656.590086341,"CRREM"
2042,"New Zealand",0.748369508,283724.861407295,"CRREM"
2043,"New Zealand",0.669123962,257103.297075442,"CRREM"
2044,"New Zealand",0.600171051,233689.697500055,"CRREM"
2045,"New Zealand",0.535540826,211283.446743144,"CRREM"
2046,"New Zealand",0.489353134,195591.374668924,"CRREM"
2047,"New Zealand",0.444923613,180141.764318479,"CRREM"
2048,"New Zealand",0.405623776,166342.137561317,"CRREM"
2049,"New Zealand",0.369465745,153444.848622433,"CRREM"
2050,"New Zealand",0.334889972,140841.260014705,"CRREM"
2020,"Philippines",32.17531261,20081242.7115706,"CRREM"
2021,"Philippines",30.0815054,19192155.3138142,"CRREM"
2022,"Philippines",27.6734349,18046065.3717565,"CRREM"
2023,"Philippines",25.38217011,16915384.3668848,"CRREM"
2024,"Philippines",23.20687772,15803069.9294183,"CRREM"
2025,"Philippines",21.22449049,14766286.0704778,"CRREM"
2026,"Philippines",19.19215007,13639682.5370459,"CRREM"
2027,"Philippines",17.34430664,12589874.0976867,"CRREM"
2028,"Philippines",15.5971236,11561916.7484363,"CRREM"
2029,"Philippines",13.94664199,10556327.8269511,"CRREM"
2030,"Philippines",12.33448276,9531451.95453034,"CRREM"
2031,"Philippines",10.9704973,8653591.83110726,"CRREM"
2032,"Philippines",9.630462345,7753296.07530726,"CRREM"
2033,"Philippines",8.366190581,6873428.80395349,"CRREM"
2034,"Philippines",7.174309742,6014087.78015086,"CRREM"
2035,"Philippines",6.05564648,5178832.12396768,"CRREM"
2036,"Philippines",4.993326332,4355930.39532049,"CRREM"
2037,"Philippines",4.006451285,3564583.41103576,"CRREM"
2038,"Philippines",3.161928474,2868781.54306521,"CRREM"
2039,"Philippines",2.481712508,2295791.04646037,"CRREM"
2040,"Philippines",1.933659595,1823625.50730346,"CRREM"
2041,"Philippines",1.630109096,1567064.0080858,"CRREM"
2042,"Philippines",1.400407037,1372078.20752983,"CRREM"
2043,"Philippines",1.198128542,1196252.95276099,"CRREM"
2044,"Philippines",1.021736236,1039427.91975152,"CRREM"
2045,"Philippines",0.85634012,887522.240023869,"CRREM"
2046,"Philippines",0.737603074,778708.477744154,"CRREM"
2047,"Philippines",0.623593577,670525.631199284,"CRREM"
2048,"Philippines",0.522879586,572558.436642771,"CRREM"
2049,"Philippines",0.430556172,480060.130821237,"CRREM"
2050,"Philippines",0.342827912,389164.741710946,"CRREM"
2020,"Singapore",27.53570883,5331631.86467776,"CRREM"
2021,"Singapore",26.04762551,5091723.51483549,"CRREM"
2022,"Singapore",24.2180645,4771833.11424961,"CRREM"
2023,"Singapore",22.42824037,4449379.27678471,"CRREM"
2024,"Singapore",20.68765377,4129955.69442632,"CRREM"
2025,"Singapore",19.07461748,3831626.04364419,"CRREM"
2026,"Singapore",17.37782228,3512658.74184672,"CRREM"
2027,"Singapore",15.81511248,3216647.89387323,"CRREM"
2028,"Singapore",14.31626467,2929500.77875924,"CRREM"
2029,"Singapore",12.88212097,2651288.40427434,"CRREM"
2030,"Singapore",11.46182596,2371655.05858412,"CRREM"
2031,"Singapore",10.25480404,2132465.70850281,"CRREM"
2032,"Singapore",9.054097694,1891520.73423205,"CRREM"
2033,"Singapore",7.909888001,1659587.24841958,"CRREM"
2034,"Singapore",6.820358148,1436646.38475538,"CRREM"
2035,"Singapore",5.787398359,1223454.87876252,"CRREM"
2036,"Singapore",4.795479309,1017059.1295163,"CRREM"
2037,"Singapore",3.863748949,821829.135008652,"CRREM"
2038,"Singapore",3.059173273,652355.281403688,"CRREM"
2039,"Singapore",2.406103221,514222.806988624,"CRREM"
2040,"Singapore",1.875433445,401556.807575725,"CRREM"
2041,"Singapore",1.584215299,339718.844826178,"CRREM"
2042,"Singapore",1.36370733,292779.731049849,"CRREM"
2043,"Singapore",1.167573889,250888.755973614,"CRREM"
2044,"Singapore",0.994714194,213865.671147533,"CRREM"
2045,"Singapore",0.82983404,178466.008713401,"CRREM"
2046,"Singapore",0.711375892,152991.288567255,"CRREM"
2047,"Singapore",0.595167512,127965.545257034,"CRREM"
2048,"Singapore",0.490586138,105424.104569353,"CRREM"
2049,"Singapore",0.39241957,84269.0909157842,"CRREM"
2050,"Singapore",0.296461101,63606.5003148737,"CRREM"
2020,"South Korea",20.57833311,56015724.943737,"CRREM"
2021,"South Korea",19.47500855,53441590.3480263,"CRREM"
2022,"South Korea",18.11625622,50080962.3062935,"CRREM"
2023,"South Korea",16.7864203,46717872.0984363,"CRREM"
2024,"South Korea",15.49260067,43381548.4589706,"CRREM"
2025,"South Korea",14.29331795,40245791.1456319,"CRREM"
2026,"South Korea",13.03071795,36874705.1094167,"CRREM"
2027,"South Korea",11.86757895,33734615.5098312,"CRREM"
2028,"South Korea",10.75146189,30685213.8389527,"CRREM"
2029,"South Korea",9.683024175,27735031.9098341,"CRREM"
2030,"South Korea",8.624229542,24780781.9179375,"CRREM"
2031,"South Korea",7.724393714,22257162.3082961,"CRREM"
2032,"South Korea",6.828649901,19724085.2162372,"CRREM"
2033,"South Korea",5.974586578,17293562.1460777,"CRREM"
2034,"South Korea",5.16087053,14965245.6423174,"CRREM"
2035,"South Korea",4.388948247,12746381.0367374,"CRREM"
2036,"South Korea",3.647198299,10605814.232492,"CRREM"
2037,"South Korea",2.950014024,8587580.37743973,"CRREM"
2038,"South Korea",2.347734809,6840264.39183368,"CRREM"
2039,"South Korea",1.858775837,5419435.30594701,"CRREM"
2040,"South Korea",1.4614031,4263214.91472077,"CRREM"
2041,"South Korea",1.243794893,3629978.7169529,"CRREM"
2042,"South Korea",1.079216903,3150728.2312564,"CRREM"
2043,"South Korea",0.932853723,2724157.90626216,"CRREM"
2044,"South Korea",0.803900694,2348108.17508697,"CRREM"
2045,"South Korea",0.680851623,1989098.96739558,"CRREM"
2046,"South Korea",0.592713148,1731963.51096881,"CRREM"
2047,"South Korea",0.506200887,1479517.71764727,"CRREM"
2048,"South Korea",0.428397725,1252480.92349554,"CRREM"
2049,"South Korea",0.355389755,1039417.26494262,"CRREM"
2050,"South Korea",0.283991549,830991.527566152,"CRREM"
2020,"USA",45.80475058,1459613748.39451,"CRREM"
2021,"USA",42.74684662,1387554733.37506,"CRREM"
2022,"USA",39.26195408,1297630745.01233,"CRREM"
2023,"USA",35.9611139,1209671290.49661,"CRREM"
2024,"USA",32.8286057,1123493086.0804,"CRREM"
2025,"USA",29.90469649,1040821526.67565,"CRREM"
2026,"USA",26.91282853,952261845.587841,"CRREM"
2027,"USA",24.19112522,869881941.379504,"CRREM"
2028,"USA",21.62563881,790010527.153596,"CRREM"
2029,"USA",19.21386408,712846420.369858,"CRREM"
2030,"USA",16.87702638,635707063.368753,"CRREM"
2031,"USA",14.9044704,569802907.806408,"CRREM"
2032,"USA",12.98670762,503762381.197058,"CRREM"
2033,"USA",11.19442507,440476509.223935,"CRREM"
2034,"USA",9.521796013,379938954.219826,"CRREM"
2035,"USA",7.968257668,322341181.041773,"CRREM"
2036,"USA",6.509394181,266893225.889923,"CRREM"
2037,"USA",5.168535521,214733377.133986,"CRREM"
2038,"USA",4.030930737,169654834.550653,"CRREM"
2039,"USA",3.12120799,133048314.957687,"CRREM"
2040,"USA",2.393391082,103306106.623057,"CRREM"
2041,"USA",1.989142995,86917401.0772907,"CRREM"
2042,"USA",1.684138101,74482166.6668765,"CRREM"
2043,"USA",1.417351481,63429913.2455821,"CRREM"
2044,"USA",1.186079569,53701067.2805849,"CRREM"
2045,"USA",0.970742071,44456826.4592595,"CRREM"
2046,"USA",0.816118666,37797989.7549221,"CRREM"
2047,"USA",0.66847281,31303824.6067343,"CRREM"
2048,"USA",0.538360689,25486185.9700279,"CRREM"
2049,"USA",0.419305131,20063244.1738599,"CRREM"
2050,"USA",0.306287644,14810288.059344,"CRREM"
